{"valid_accuracy": [], "total_train_loss": [355.346923828125, 144.04045544248638, 67.77485768481938, 55.25469905198222, 49.604627667051375, 46.99650068957396, 45.08719030052725, 44.09552761039348, 43.06927139590485, 42.61885039974945, 42.124302873707784, 41.47438080142243, 41.393576843569974, 41.010361295757875, 40.75206587049696, 40.658513541173456, 40.415853558164656, 40.227279508956755, 40.19513968265418, 40.02279955931384, 39.9509083911626, 39.906767450197776, 39.82371401545977, 39.70236587524414, 39.634633690419825, 39.82273386945628, 39.504595091848664, 39.67118284437392, 39.40789999143042, 39.342256025834516, 39.09246745254054, 39.13842962245749, 39.1674049454506, 39.04391837842537, 39.1998545714099, 39.27708485150578, 38.960584004720054, 38.98949239711569, 39.01592674640694, 39.118769289267185, 38.79254959568833, 38.96630262124418, 39.03256934580177, 38.89708802194306, 38.88562635941939, 38.73126232262814, 38.81139296714706, 38.75456368802774, 38.86209406997218, 38.83887458570076, 38.83230062927863, 38.69074592205009, 38.92082973441692, 38.478601012567076, 38.66962082217438, 38.66498912464488, 38.74429991751006, 38.51619007611516, 38.91679070212624, 38.78097846291282, 38.725205045757875, 38.62143861404573, 38.64815775553385, 38.668244024719854, 38.46424245352697, 38.57031982113617, 38.67283672756619, 38.49663532141483, 38.62822596232096, 38.52724337336993, 38.57075273147737, 38.493584257183656, 38.5335042934225, 38.65688216084182, 38.547284212979406, 38.39864854138307, 38.50628365410699, 38.635058740172724, 38.30697809084497, 38.4884384617661, 38.495974068689826, 38.43090354071723, 38.54190564396406, 38.61839317552971, 38.40192089658795, 38.373346887453636, 38.613074447169446, 38.54067234077839, 38.39411991774434, 38.39970328591087, 38.39977711378926, 38.59257106588344, 38.443371281479344, 38.441690387147844, 38.33592185588798, 38.35209809890901, 38.313487197413586, 38.36290825737847, 38.21417664036606, 38.425732198387685, 38.32762504346443, 38.438317154393054, 38.31940595068113, 38.384809166494044, 38.351981268988716, 38.29839051371873, 38.340377730552596, 38.35183361323193], "train_loss": [], "train_acc": [], "step_at_epoch": [], "dt_forward": [], "dt_backward": [], "dt_step": [], "best_acc": -1, "best_acc_epoch": null, "best_acc_step": null, "test_loss": [245.27745056152344, 75.71942138671875, 64.73643493652344, 56.46454620361328, 55.2263298034668, 53.245765686035156, 52.58525848388672, 48.91240310668945, 48.1731071472168, 48.47789764404297, 47.991703033447266, 47.545127868652344, 48.30473327636719, 46.95903778076172, 48.90638732910156, 48.23405075073242, 47.21156692504883, 46.534339904785156, 47.95521545410156, 48.57323455810547, 46.44340515136719, 46.613319396972656, 48.559654235839844, 46.524147033691406, 46.56425476074219, 47.68784713745117, 48.03432083129883, 47.784828186035156, 45.08419418334961, 46.00135803222656, 46.38301467895508, 50.81474304199219, 45.6477165222168, 45.85921096801758, 47.48690414428711, 45.28217315673828, 45.20832824707031, 46.412940979003906, 46.024871826171875, 46.01725387573242, 46.52669143676758, 45.576210021972656, 45.68316650390625, 46.84379577636719, 45.85394287109375, 46.89960479736328, 45.23139190673828, 46.34929275512695, 45.53083038330078, 44.962806701660156, 45.801414489746094, 45.0703125, 46.938941955566406, 46.47959899902344, 47.311927795410156, 45.604637145996094, 48.3206787109375, 46.14967346191406, 46.00994873046875, 45.6817512512207, 46.991329193115234, 46.16936492919922, 46.315189361572266, 46.55274200439453, 45.025184631347656, 47.892860412597656, 45.912750244140625, 47.52849578857422, 46.28479766845703, 45.185943603515625, 46.22312927246094, 46.40978240966797, 45.96310806274414, 45.606651306152344, 45.856956481933594, 45.648216247558594, 46.81328582763672, 45.72032165527344, 45.85509490966797, 46.02995300292969, 45.935340881347656, 45.83879089355469, 46.21961975097656, 47.474449157714844, 46.56971740722656, 45.84750747680664, 45.480159759521484, 48.05146026611328, 45.718666076660156, 47.08345031738281, 46.98531723022461, 48.1778678894043, 45.44028854370117, 47.756832122802734, 45.84864807128906, 47.89646911621094, 46.47947311401367, 45.600807189941406, 45.749298095703125, 45.907711029052734, 45.020408630371094, 46.826393127441406, 46.29536819458008, 45.87370300292969, 46.344730377197266, 46.930328369140625, 47.278263092041016, 45.78116989135742], "best_loss": 38.21417664036606, "psth_loss": [195.24716186523438, 67.41305127770009, 24.39512963728471, 16.271860026349923, 13.222219399731568, 11.71015282833215, 10.693704210146509, 10.167225365686898, 9.666683591977515, 9.454663556031507, 9.154306633303865, 8.759463030882555, 8.749357136813076, 8.559662212025035, 8.346084416514696, 8.422718679062044, 8.291254645646221, 8.129864639706081, 8.17936625625148, 8.084260372200397, 8.015008189461447, 7.972547569660225, 7.989248858557807, 7.86483868203982, 7.881733985862347, 7.997909757826063, 7.7325962480872565, 7.783987290931471, 7.636785598716351, 7.567066568316835, 7.382083526765458, 7.3668559006970336, 7.416896752636842, 7.339462357338029, 7.47976778492783, 7.500296780557344, 7.305888127798986, 7.239069784530486, 7.303379458610458, 7.3556635114881725, 7.192833072007304, 7.286885511995566, 7.29747795817828, 7.250143816976836, 7.212801389019899, 7.1206606518138535, 7.189187387023309, 7.146402460156065, 7.214782815991026, 7.147640738824402, 7.163956295360219, 7.0742894663955225, 7.20997435155541, 6.967199123266972, 7.018773791765926, 7.072976772231285, 7.105852098175974, 6.977231044961949, 7.210961471904408, 7.168320954448045, 7.08598213484793, 7.057569397820367, 7.055481732493699, 7.0198795482365774, 6.903703015260022, 6.969199537026761, 7.017014281918304, 6.900427018753206, 7.057487964630127, 7.038639458743009, 6.984374393116344, 6.94987452632249, 6.970275609180181, 7.018204289253312, 7.000644746452871, 6.903130367548779, 6.972229201384265, 7.076143235871286, 6.839846813317501, 6.989884607719652, 6.893413548517709, 6.887100542434538, 6.950220045417246, 6.989155022784917, 6.88142700387974, 6.8997585749385335, 7.096145215660635, 6.937002384301388, 6.858851350919164, 6.8798418478532275, 6.925632847679986, 6.970584628557918, 6.952104611830278, 6.934369771167486, 6.8518003839435, 6.909275772595646, 6.825906257436733, 6.902580030036695, 6.764121643220536, 6.925950204483186, 6.819745588784266, 6.9545576163012575, 6.829003415926539, 6.86575787476819, 6.829191949632433, 6.782089469408748, 6.803327517075972, 6.8135903965343125],