{"valid_accuracy": [], "total_train_loss": [404.0267333984375, 129.42680127692944, 50.503002552071, 37.38076558739248, 33.253192342893044, 31.882430702748923, 30.749891782047772, 30.171759826968415, 29.925624327226117, 29.926607074159563, 29.95765487593834, 29.852263190529563, 30.29564235186336, 29.989999424327504, 29.832974828854955, 30.12794172884238, 30.204748461944888, 30.02520638282853, 30.207465720899176, 30.194677718962083, 30.527864745168976, 30.120151018855548, 30.338564150261156, 30.237150905108212, 30.44486267398102, 30.54898963311706, 30.55074129200945, 30.916480594211155, 30.91753464515763, 31.0312543926817, 30.912725737600617, 31.232871970745048, 31.01012805977253, 31.2845726976491, 31.5302172188807, 31.552900526258682, 31.867958627565944, 31.43316344058875, 32.27186270434447, 31.926543996791647, 32.47450809286098, 32.53501589611323, 32.40890562654746, 32.770179632938266, 32.71685943218193, 33.03499699602224, 33.57563506232368, 33.24696473401002, 33.50401415969386, 34.07268306462451, 33.58474066763213, 34.50648810646751, 33.73138227366438, 34.15031452371617, 34.43365004568389, 34.01752635686084, 34.93821169149996, 34.279223817767516, 35.34565800368184, 35.04057612563624, 35.011677366314515, 35.31398965854837, 35.60535612009993, 35.80137734461312, 35.888914281671696, 35.715974210488675, 36.09011008522727, 36.14867532132852, 36.172477375377305, 36.435272024135394, 36.45099747783006, 37.24791170370699, 36.43861500903814, 36.408539550472995, 36.11995523626154, 35.97073287193221, 36.86320414687648, 36.69195703063348, 36.766099216962104, 36.90149249452533, 37.052613152398, 37.53839172979798, 37.56519849372633, 37.154311671401516, 37.05206372039487, 37.35146932890921, 37.79031911522451, 37.79475988522925, 37.86126585681029, 38.62437951444375, 37.71134702123777, 37.37457753191091, 37.83454713917742, 37.7298461066352, 39.03292935303968, 38.73029258034446, 38.20809713036123, 38.778529003413034, 38.559376572117664, 38.98025227556325, 39.032947810009276, 39.08553298796066, 38.57047506775519, 38.99603471852312], "train_loss": [], "train_acc": [], "step_at_epoch": [], "dt_forward": [], "dt_backward": [], "dt_step": [], "best_acc": -1, "best_acc_epoch": null, "best_acc_step": null, "test_loss": [205.81602478027344, 58.12556076049805, 45.604164123535156, 41.27185821533203, 37.886810302734375, 36.24639892578125, 36.543540954589844, 37.964759826660156, 36.661582946777344, 37.075439453125, 39.29448699951172, 38.40525817871094, 36.9263801574707, 37.718265533447266, 36.328617095947266, 37.07806396484375, 36.78030776977539, 37.75981140136719, 36.794586181640625, 38.449623107910156, 38.44560241699219, 39.68341827392578, 40.182525634765625, 37.47224807739258, 39.12596893310547, 37.263465881347656, 37.958831787109375, 39.646461486816406, 39.99091339111328, 38.97119140625, 38.91231155395508, 38.29608154296875, 39.72201156616211, 37.99594497680664, 38.070335388183594, 38.59576416015625, 41.69561004638672, 40.506797790527344, 39.50520324707031, 40.99356460571289, 40.963348388671875, 42.209877014160156, 40.41976547241211, 40.011478424072266, 43.17730712890625, 39.56652069091797, 41.025413513183594, 43.0879020690918, 41.99559783935547, 45.00231170654297, 42.06562042236328, 41.46953582763672, 47.83778381347656, 40.94335174560547, 44.20106506347656, 41.2991943359375, 44.31660079956055, 45.22071838378906, 42.34648132324219, 43.46043395996094, 46.808433532714844, 42.86985397338867, 43.760948181152344, 48.160972595214844, 47.03852844238281, 47.93653106689453, 44.36439514160156, 43.97447967529297, 44.036827087402344, 46.11870574951172, 45.09685516357422, 48.44103240966797, 51.85915756225586, 41.818031311035156, 44.892738342285156, 51.856658935546875, 47.554840087890625, 45.365211486816406, 49.9614143371582, 45.13420104980469, 45.21331024169922, 47.228515625, 45.90733337402344, 49.49155807495117, 45.25917053222656, 45.82532501220703, 44.227210998535156, 47.5551872253418, 45.59074401855469, 44.790321350097656, 47.06435012817383, 49.152313232421875, 51.71778106689453, 48.379573822021484, 45.2342414855957, 45.21229553222656, 46.869140625, 43.777435302734375, 49.65986251831055, 47.10388946533203, 45.74317932128906, 49.03446578979492, 45.37653350830078, 46.85435485839844], "best_loss": 29.832974828854955, "psth_loss": [390.49432373046875, 110.98852134473395, 33.792790075745245, 22.58104819480819, 17.77011259637698, 16.603120302913165, 15.554305471555152, 14.919684641288988, 14.438381917548902, 14.389464407256156, 14.342932710743915, 13.997771542481702, 14.229651691937688, 13.893909878200954, 13.849219206607703, 14.12015092252481, 14.04543434489857, 13.916493348401001, 14.105750854569251, 14.079095994583284, 14.189337210221725, 13.999103979630904, 14.101974448772392, 14.029264373008651, 14.21539012831871, 14.254487509679313, 14.191368652112557, 14.468588048761541, 14.457806298227021, 14.435704327592946, 14.367915018640383, 14.633411927656693, 14.49932843988592, 14.784297885316791, 14.681135245043823, 14.73963776983396, 14.575780232747396, 14.53463455161663, 14.640353337682859, 14.69192540525186, 14.771331950871632, 14.704761928982204, 14.645760141237817, 14.7346955501672, 14.490717040167915, 14.910866910761053, 14.936063814644863, 14.719159232245552, 14.828636997877949, 14.996651533878211, 15.00623713599311, 15.149346187861278, 14.926070386713201, 14.857326112612329, 14.928215055754691, 14.742052608066135, 14.979483026446719, 14.506083170572916, 15.195638560285472, 14.773343558263297, 14.675810033624822, 14.624679883321127, 15.101378238562381, 15.097699695163303, 14.84688334994846, 15.13753333236232, 15.343235410825171, 14.813671034995956, 14.854356467121779, 15.06672840889054, 15.010698617106737, 15.4417461048473, 15.63132127126058, 15.203367281441738, 14.742123757949983, 14.485109589316629, 14.80620525822495, 14.952085494995117, 14.826896494085139, 14.790156797929244, 14.798674352241285, 15.402246590816613, 15.51785536486693, 15.0171030217951, 14.66380703088009, 14.900228982019906, 15.018260647552182, 15.200897688817497, 15.43512046698368, 15.646565206123121, 14.957513086723559, 14.610330610564262, 14.712725465947932, 14.638011103928692, 15.621389909224076, 15.243501364582716, 15.22980402936839, 15.080986581667505, 14.96544395793568, 15.16399184140292, 15.506083777456572, 15.870074570781053, 15.377176304056187, 15.065471100084709],